LotArea,LotFrontage,OverallQual,OverallCond,YearBuilt,TotalBsmtSF,1stFlrSF,GrLivArea,TotRmsAbvGrd,GarageYrBlt,GarageArea,YrSold,SalePrice
8450,65.0,7,5,2003,856,856,1710,8,2003.0,548,2008,208500
9600,80.0,6,8,1976,1262,1262,1262,6,1976.0,460,2007,181500
11250,68.0,7,5,2001,920,920,1786,6,2001.0,608,2008,223500
9550,60.0,7,5,1915,756,961,1717,7,1998.0,642,2006,140000
14260,84.0,8,5,2000,1145,1145,2198,9,2000.0,836,2008,250000
14115,85.0,5,5,1993,796,796,1362,5,1993.0,480,2009,143000
10084,75.0,8,5,2004,1686,1694,1694,7,2004.0,636,2007,307000
6120,51.0,7,5,1931,952,1022,1774,8,1931.0,468,2008,129900
7420,50.0,5,6,1939,991,1077,1077,5,1939.0,205,2008,118000
11200,70.0,5,5,1965,1040,1040,1040,5,1965.0,384,2008,129500
11924,85.0,9,5,2005,1175,1182,2324,11,2005.0,736,2006,345000
10652,91.0,7,5,2006,1494,1494,1494,7,2006.0,840,2007,279500
6120,51.0,7,8,1929,832,854,854,5,1991.0,576,2007,132000
10791,72.0,4,5,1967,0,1296,1296,6,1967.0,516,2006,90000
13695,66.0,5,5,2004,1114,1114,1114,6,2004.0,576,2008,159000
7560,70.0,5,6,1958,1029,1339,1339,6,1958.0,294,2009,139000
14215,101.0,8,5,2005,1158,1158,2376,9,2005.0,853,2006,325300
7449,57.0,7,7,1930,637,1108,1108,6,1930.0,280,2007,139400
9742,75.0,8,5,2002,1777,1795,1795,7,2002.0,534,2008,230000
4224,44.0,5,7,1976,1040,1060,1060,6,1976.0,572,2007,129900
14230,110.0,8,5,2007,1566,1600,1600,7,2007.0,890,2009,256300
7200,60.0,5,7,1951,900,900,900,5,2005.0,576,2010,134800
11478,98.0,8,5,2007,1704,1704,1704,7,2008.0,772,2010,306000
16321,47.0,5,6,1957,1484,1600,1600,6,1957.0,319,2006,207500
6324,60.0,4,6,1927,520,520,520,4,1920.0,240,2008,68500
8500,50.0,4,4,1920,649,649,1317,6,1920.0,250,2008,40000
11049,85.0,8,5,2007,1234,1234,1234,7,2007.0,484,2008,179900
10552,70.0,5,5,1959,1398,1700,1700,6,1959.0,447,2010,165500
7313,60.0,9,5,2005,1561,1561,1561,6,2005.0,556,2007,277500
13418,108.0,8,5,2004,1117,1132,2452,9,2004.0,691,2006,309000
10859,112.0,5,5,1994,1097,1097,1097,6,1995.0,672,2009,145000
8532,74.0,5,6,1954,1297,1297,1297,5,1954.0,498,2009,153000
7922,68.0,5,7,1953,1057,1057,1057,5,1953.0,246,2010,109000
8658,84.0,6,5,1965,1088,1324,1324,6,1965.0,440,2006,160000
16905,115.0,5,6,1959,1350,1328,1328,5,1959.0,308,2007,170000
7945,70.0,5,6,1959,1150,1150,1150,6,1959.0,300,2006,141000
7658,61.0,9,5,2005,1752,1752,1752,6,2005.0,576,2010,319900
12822,48.0,7,5,2003,1434,1518,2149,6,2003.0,670,2009,239686
11096,84.0,8,5,2006,1656,1656,1656,7,2006.0,826,2007,249700
7742,66.0,5,7,1966,955,955,955,6,1966.0,386,2007,127000
6240,52.0,6,6,1934,816,816,1176,6,1985.0,528,2006,114500
8472,110.0,5,5,1963,816,816,816,5,1963.0,516,2010,110000
50271,68.0,9,5,1981,1842,1842,1842,5,1981.0,894,2006,385000
7134,60.0,5,5,1955,384,1360,1360,6,1962.0,572,2007,130000
10175,100.0,6,5,1964,1425,1425,1425,7,1964.0,576,2008,180500
2645,24.0,8,5,1999,970,983,1739,7,1999.0,480,2009,172500
11645,89.0,7,5,2004,860,860,1720,7,2004.0,565,2006,196500
13682,66.0,10,5,2006,1410,1426,2945,10,2006.0,641,2006,438780
7200,60.0,5,7,1972,780,780,780,4,1973.0,352,2008,124900
13072,63.0,6,5,2004,1158,1158,1158,5,2006.0,576,2006,158000
7200,60.0,5,7,1920,530,581,1111,6,1935.0,288,2007,101000
6442,44.0,8,5,2006,1370,1370,1370,6,2006.0,484,2007,202500
10300,50.0,7,6,1921,576,902,1710,9,1990.0,480,2010,140000
9591,76.0,8,5,2004,1143,1143,2473,9,2004.0,852,2007,317000
10665,72.0,7,5,2003,1453,1479,1479,7,2003.0,558,2007,226000
4608,47.0,4,6,1945,747,747,747,4,1945.0,220,2010,80000
15593,81.0,7,4,1953,1304,1304,2287,7,1953.0,667,2006,225000
13651,95.0,7,6,1973,2223,2223,2223,8,1973.0,516,2007,244000
7599,69.0,4,6,1982,845,845,845,4,1987.0,360,2007,129500
10141,74.0,7,5,1998,832,885,1718,7,1998.0,427,2009,185000
10200,85.0,5,7,1954,1086,1086,1086,6,1989.0,490,2010,144900
5790,60.0,3,6,1915,840,840,1605,8,1915.0,379,2010,107400
1596,21.0,4,5,1973,462,526,988,5,1973.0,297,2009,91000
8635,50.0,5,5,1948,672,1072,1285,6,1948.0,240,2008,127000
10440,60.0,5,6,1910,440,682,1230,5,1966.0,440,2009,110000
13000,100.0,6,6,1968,896,1182,2142,8,1968.0,509,2009,193500
4500,32.0,6,5,1998,1237,1337,1337,5,1998.0,405,2006,153500
10206,78.0,8,5,2007,1563,1563,1563,6,2007.0,758,2008,245000
8892,80.0,5,5,1960,1065,1065,1065,6,1974.0,461,2007,126500
16059,121.0,8,5,1991,1288,1301,2417,9,1991.0,462,2006,260000
11911,122.0,6,5,2005,684,684,1560,6,2005.0,400,2009,174000
3951,40.0,6,5,2009,612,612,1224,4,2009.0,528,2009,164500
7200,60.0,4,5,1950,0,1040,1040,4,1950.0,420,2006,109900
8500,85.0,5,3,1961,1235,1235,1235,6,1961.0,480,2006,98600
13360,80.0,5,7,1921,876,964,964,5,1921.0,432,2009,163500
7200,60.0,6,6,1910,1214,1260,2291,9,1900.0,506,2007,133900
9337,69.0,6,5,1997,824,905,1786,7,1997.0,684,2007,204750
10264,78.0,7,5,1999,1588,1588,1588,6,1999.0,472,2006,214000
10921,73.0,4,5,1965,960,960,960,6,1965.0,432,2007,94750
10625,85.0,5,5,1920,458,835,835,5,1920.0,366,2010,83000
9206,77.0,6,5,1985,741,977,1732,7,1985.0,476,2010,178000
7018,64.0,5,5,1979,0,1535,1535,8,1979.0,410,2009,118964
10402,94.0,7,5,2009,1226,1226,1226,6,2009.0,740,2010,198900
9375,75.0,8,5,2003,1053,1053,1992,9,2003.0,648,2008,250000
10800,60.0,4,7,1885,641,1047,1047,6,1954.0,273,2007,100000
6000,50.0,5,5,1948,789,789,789,5,1948.0,250,2008,115000
11751,105.0,6,6,1977,1844,1844,1844,7,1977.0,546,2010,190000
9525,75.0,6,4,1954,994,1216,1855,7,1954.0,325,2006,136900
9965,77.0,7,5,2007,1264,1282,2696,10,2007.0,792,2007,383970
7259,61.0,6,8,1945,1028,1436,2320,9,1945.0,180,2007,259500
3230,34.0,6,5,1999,729,729,1458,5,1999.0,440,2007,176000
8536,74.0,5,5,2006,1125,1125,1125,5,2007.0,430,2007,155000
12376,90.0,7,5,1990,1673,1699,3222,11,1990.0,594,2010,320000
8461,65.0,6,5,2005,728,728,1456,8,2005.0,390,2006,163990
6060,50.0,4,5,1939,732,772,1123,4,1979.0,264,2007,100000
9464,75.0,6,7,1958,1080,1080,1080,5,1958.0,288,2008,136000
7892,55.0,6,5,1993,1199,1199,1199,5,1993.0,530,2008,153900
17043,48.0,6,5,1979,1362,1586,1586,7,1979.0,435,2009,181000
7590,69.0,6,5,1966,660,660,1348,6,1966.0,453,2006,155000
8973,69.0,5,7,1958,1008,1053,1053,6,1998.0,750,2006,150000
14200,88.0,7,6,1966,924,1216,2157,8,1966.0,487,2006,226000
7388,75.0,5,6,1959,1063,1327,1327,7,1974.0,624,2007,150750
10335,78.0,5,6,1968,1461,1721,1721,7,1968.0,440,2006,180000
10400,80.0,7,6,1970,1304,1682,1682,7,1970.0,530,2008,174000
11070,82.0,7,5,1988,1907,1959,1959,9,1989.0,766,2006,171000
9066,73.0,8,5,1999,1004,1004,1852,7,1999.0,660,2008,230000
15426,65.0,6,5,1997,928,928,1764,7,1997.0,470,2009,231500
11645,78.0,7,5,2005,1734,1734,1734,7,2005.0,660,2006,260000
8520,71.0,5,4,1952,910,910,1385,6,2000.0,720,2010,166000
10335,78.0,7,5,1999,1490,1501,1501,6,1999.0,577,2009,204000
9100,70.0,5,5,1963,1728,1728,1728,10,1963.0,504,2006,125000
2522,24.0,6,5,2004,970,970,1709,7,2004.0,380,2006,130000
6120,51.0,5,7,1931,715,875,875,5,1931.0,180,2009,105000
10356,120.0,5,6,1975,969,969,969,5,1975.0,440,2007,122000
13891,107.0,8,5,2007,1710,1710,1710,6,2007.0,866,2008,372402
11340,84.0,6,5,1923,1200,1200,1200,7,1923.0,312,2006,125000
7200,60.0,5,7,1950,0,1040,1040,5,1950.0,625,2006,109500
12003,92.0,8,5,2009,774,774,1968,8,2009.0,680,2010,269500
12552,100.0,7,5,2004,991,991,1947,8,2004.0,678,2010,254900
19378,134.0,7,5,2005,1392,1392,2462,9,2006.0,576,2006,320000
13688,110.0,9,5,2003,1572,1572,2668,10,2003.0,726,2008,412500
12182,95.0,7,5,2005,1541,1541,1541,7,2005.0,532,2010,220000
5400,40.0,6,7,1926,1149,1149,1616,5,1926.0,216,2007,152000
10562,86.0,8,5,2007,1582,1610,2161,8,2007.0,789,2007,325624
8244,62.0,7,5,2004,840,840,1720,7,2004.0,440,2007,183500
31770,141.0,6,5,1960,1080,1656,1656,7,1960.0,528,2010,215000
5306,44.0,7,7,1987,1064,1064,1767,5,1987.0,504,2006,239000
10197,80.0,6,5,1961,1362,1362,1362,6,1961.0,504,2008,163000
12416,47.0,6,5,1986,1606,1651,1651,7,1986.0,616,2008,184000
12615,84.0,6,7,1950,1202,2158,2158,7,1950.0,576,2007,243000
10029,97.0,6,5,1988,1151,1164,2060,8,1988.0,521,2007,211000
17423,63.0,9,5,2008,2216,2234,2234,9,2009.0,1166,2009,501837
8520,60.0,5,6,1923,968,968,968,5,1935.0,480,2007,100000
7588,54.0,7,6,1920,793,901,1802,9,1920.0,216,2006,200100
9060,60.0,5,6,1957,0,1340,1340,7,1957.0,252,2007,120000
11426,63.0,7,5,2003,1362,1362,2082,6,2003.0,484,2008,200000
7438,92.0,5,8,1908,504,936,1252,5,1986.0,576,2006,127000
22950,90.0,10,9,1892,1107,1518,3608,12,1993.0,840,2006,475000
10410,60.0,5,7,1916,660,808,1656,8,1916.0,180,2009,135000
7018,64.0,5,5,1979,1086,1224,1224,6,1979.0,528,2009,153337
4923,41.0,8,5,2001,1593,1593,1593,5,2001.0,682,2008,286000
10570,70.0,8,8,1932,853,1549,2727,10,1932.0,440,2007,315000
9017,68.0,7,5,1999,1431,1431,1431,6,1999.0,666,2009,192000
2522,24.0,7,5,2004,970,970,1709,7,2004.0,380,2006,130000
7180,60.0,5,7,1972,864,864,864,5,1989.0,352,2008,127000
2280,24.0,6,6,1976,855,855,1456,7,1976.0,440,2009,148500
9416,79.0,7,5,2007,1726,1726,1726,8,2007.0,786,2007,311872
25419,174.0,8,4,1918,1360,1360,3112,8,1918.0,795,2006,235000
9591,76.0,8,5,2004,1713,1713,1713,7,2004.0,856,2009,274900
8546,80.0,4,5,2003,1121,1121,1121,5,2003.0,440,2010,140000
10125,75.0,6,6,1977,1196,1279,1279,6,1980.0,473,2008,171500
7000,50.0,6,6,1924,617,865,1310,6,1924.0,398,2006,112000
3500,50.0,5,7,1947,720,720,1284,5,1948.0,240,2009,110000
11851,99.0,7,5,1990,1424,1442,1442,5,1990.0,500,2009,180500
13673,40.0,5,5,1962,1140,1696,1696,8,1962.0,349,2007,143900
8250,75.0,6,7,1964,1092,1092,1092,6,1964.0,504,2008,145000
10420,83.0,6,5,2009,1212,1212,1212,6,2009.0,460,2010,186000
8640,72.0,7,5,2009,900,932,1852,7,2009.0,644,2009,252678
13568,43.0,5,5,1995,990,990,990,5,1996.0,576,2006,156000
10011,72.0,5,6,1957,1070,1236,1236,6,1957.0,447,2006,134450
8450,65.0,7,5,2004,1436,1436,1436,8,2004.0,484,2008,210000
9906,57.0,4,4,1925,686,810,1328,8,1940.0,210,2006,107000
3010,43.0,7,5,2005,1248,1248,1248,5,2005.0,438,2006,167240
8990,73.0,7,5,2006,1498,1498,1498,5,2006.0,675,2006,204900
11475,85.0,6,6,1975,713,811,1552,6,1975.0,434,2006,179900
10500,70.0,4,6,1971,864,864,864,4,1989.0,576,2009,97000
13472,103.0,10,5,2003,2392,2392,2392,8,2003.0,968,2009,386250
1680,21.0,5,5,1971,630,630,1302,6,1991.0,280,2009,112000
9950,82.0,7,5,1995,1203,1214,2520,9,1995.0,721,2007,290000
1869,21.0,6,6,1970,483,483,987,5,1987.0,280,2008,106000
8521,70.0,5,5,1967,912,912,912,5,1974.0,336,2010,125000
3182,43.0,7,5,2005,1373,1555,1555,7,2005.0,430,2009,192500
8760,73.0,6,6,1959,1194,1194,1194,6,1959.0,312,2010,148000
15138,174.0,8,5,1995,1462,1490,2794,9,1995.0,810,2009,403000
1680,21.0,6,5,1972,483,483,987,5,1972.0,288,2006,94500
10650,75.0,5,6,1976,894,894,894,5,1976.0,308,2010,128200
1680,21.0,6,3,1971,483,483,987,5,1971.0,264,2008,89500
8773,65.0,7,5,2004,1414,1414,1414,6,2004.0,494,2010,185500
12030,93.0,8,5,2007,1694,1694,1694,7,2007.0,818,2007,318000
8741,52.0,6,4,1945,735,798,1487,7,1949.0,220,2010,113000
9000,75.0,8,5,2008,1566,1566,1566,7,2008.0,750,2010,262500
5000,63.0,5,4,1900,540,889,1440,6,1940.0,352,2006,79000
10762,75.0,6,6,1980,626,626,1217,6,1980.0,288,2009,120000
10400,80.0,7,5,1988,1845,1872,1872,6,1988.0,604,2006,241500
9142,69.0,6,8,1910,1020,908,1928,9,1910.0,440,2006,137000
11310,75.0,6,5,1954,1367,1375,1375,5,1954.0,451,2006,140000
11317,72.0,7,5,2003,840,840,1668,8,2003.0,500,2007,180000
4750,44.0,8,5,2006,1573,1625,1625,5,2006.0,538,2007,235000
8366,65.0,6,5,2004,798,798,1640,6,2004.0,520,2008,173000
9350,85.0,6,7,1964,1302,1302,1302,7,1964.0,309,2007,158000
8400,70.0,5,6,1957,1314,1314,1314,5,1957.0,294,2010,145000
8738,66.0,7,5,1999,975,1005,2291,8,1999.0,429,2006,230000
8791,64.0,6,5,2003,864,864,1728,7,2003.0,673,2008,207500
8814,68.0,7,5,2006,1604,1604,1604,8,2006.0,660,2009,220000
12435,80.0,7,5,2001,963,963,1792,7,2001.0,564,2008,231500
12702,70.0,5,5,1956,0,882,882,4,1956.0,308,2008,97000
19296,120.0,6,5,1962,1362,1382,1382,6,1991.0,884,2009,176000
9588,69.0,8,5,2007,1482,1482,2574,10,2007.0,868,2007,276000
8471,88.0,6,7,1977,506,1212,1212,6,1978.0,492,2006,151000
5500,50.0,5,7,1929,926,926,1316,6,1974.0,484,2010,130000
5232,30.0,5,5,1925,680,764,764,4,1965.0,504,2008,73000
12090,78.0,6,6,1981,1422,1422,1422,7,1981.0,576,2008,175500
11207,70.0,6,5,1997,802,802,1511,8,1997.0,413,2006,185000
8400,60.0,5,8,1939,720,1052,2192,8,1939.0,240,2008,179500
6900,71.0,5,6,1940,740,778,778,4,1966.0,924,2008,120500
10728,84.0,8,5,2006,1095,1095,1939,8,2006.0,1053,2006,266000
39104,73.0,7,7,1954,1385,1363,1363,5,1954.0,439,2008,241500
11764,92.0,8,7,1999,1152,1164,2270,9,1999.0,671,2010,290000
9600,80.0,6,6,1958,1240,1632,1632,6,1958.0,338,2009,139000
8314,76.0,5,7,1982,816,816,816,5,1982.0,264,2007,124500
7264,55.0,7,7,1925,952,952,1548,5,1978.0,672,2009,205000
9196,129.0,7,5,2003,1560,1560,1560,7,2003.0,573,2010,201000
19138,140.0,4,5,1951,864,864,864,4,1951.0,400,2010,141000
14450,107.0,9,5,2006,2121,2121,2121,8,2007.0,732,2007,415298
10005,83.0,7,5,1977,1160,1156,2022,8,1977.0,505,2008,192000
11287,82.0,7,6,1989,807,1175,1982,7,1989.0,575,2007,228500
7200,60.0,6,5,2006,1262,1262,1262,5,2006.0,572,2006,185000
5063,34.0,7,5,2007,1314,1314,1314,6,2008.0,626,2009,207500
9612,74.0,8,5,2008,1468,1468,1468,6,2008.0,898,2009,244600
8012,50.0,6,5,1992,1575,1575,1575,5,1992.0,529,2007,179200
4251,35.0,7,5,2006,625,625,1250,5,2006.0,528,2007,164700
9786,77.0,6,7,1962,912,1085,1734,7,1962.0,440,2006,159000
8730,60.0,6,7,1915,698,698,1396,7,2003.0,384,2007,153575
15611,120.0,8,5,2006,1079,1079,1919,8,2006.0,685,2006,233230
11409,60.0,5,4,1949,768,1148,1716,8,1949.0,281,2009,131000
9600,80.0,6,5,1953,1416,1644,1644,7,1953.0,418,2009,167000
7937,37.0,6,6,1984,1003,1003,1003,6,1984.0,588,2006,142500
13710,75.0,5,5,1950,910,910,1558,6,1950.0,282,2007,152000
7399,66.0,7,5,1997,975,975,1950,7,1997.0,576,2007,239000
11700,90.0,6,6,1968,702,1041,1743,7,1968.0,539,2007,175000
14000,80.0,6,8,1950,1092,1152,1152,6,1950.0,300,2009,158500
15750,90.0,5,5,1953,1165,1336,1336,5,1953.0,375,2006,157000
16226,66.0,8,5,1998,1028,1210,2452,9,1998.0,683,2007,267000
13704,118.0,7,5,2001,1541,1541,1541,6,2001.0,843,2006,205000
9800,70.0,5,7,1972,894,894,894,5,1975.0,552,2006,149900
18386,87.0,7,9,1880,1470,1675,3493,10,2003.0,870,2008,295000
10386,80.0,8,5,2004,2000,2000,2000,8,2004.0,888,2007,305900
13474,116.0,7,5,1990,700,1122,2243,8,1990.0,746,2007,225000
12378,90.0,9,5,2003,1896,1944,1944,8,2003.0,708,2006,360000
8000,50.0,6,6,1948,972,972,972,5,1948.0,240,2009,132000
7800,65.0,5,7,1939,793,793,1118,5,1939.0,410,2006,119900
215245,150.0,7,5,1965,2136,2036,2036,8,1965.0,513,2009,375000
9600,60.0,7,7,1925,728,832,1641,6,1925.0,546,2006,178000
7795,71.0,7,5,2004,716,716,1432,6,2004.0,432,2009,188500
13005,94.0,7,7,1980,845,1153,2353,10,1983.0,484,2009,260000
9000,75.0,8,5,2006,1088,1088,1959,8,2006.0,1025,2007,270000
9900,90.0,7,5,1993,1347,1372,2646,9,1993.0,656,2009,260000
16259,111.0,9,5,2006,1249,1249,2596,9,2006.0,840,2006,342643
12099,99.0,8,5,2004,1136,1136,2468,10,2004.0,872,2007,354000
10380,86.0,7,5,1986,1502,1553,2730,8,1987.0,576,2007,301000
5820,49.0,3,8,1955,1162,1163,1163,6,1955.0,220,2006,126175
11275,96.0,7,7,1967,710,1898,2978,11,1961.0,564,2010,242000
5000,50.0,5,6,1941,720,803,803,5,1941.0,360,2007,87000
10846,32.0,8,5,1993,1719,1719,1719,6,1993.0,473,2008,324000
11600,80.0,6,5,1960,1383,1383,1383,7,1960.0,292,2006,145250
6402,60.0,5,5,1920,596,596,1192,6,1920.0,189,2009,78000
8176,70.0,5,6,1958,1056,1056,1056,6,1958.0,308,2007,139000
10655,85.0,8,5,2003,3206,1629,1629,7,2003.0,880,2009,284000
8198,59.0,7,5,2004,1358,1358,1358,6,2004.0,484,2008,207000
9042,59.0,6,5,1998,943,943,1638,7,1998.0,472,2008,192000
14157,86.0,9,5,2005,1922,1922,1922,8,2005.0,676,2007,377426
9135,70.0,7,5,2002,1536,1536,1536,7,2002.0,532,2008,214000
14145,91.0,7,7,1984,1208,1621,1621,8,1984.0,440,2006,202500
12400,66.0,6,7,1958,1215,1215,1215,6,1958.0,297,2009,155000
14191,85.0,8,5,2002,967,993,1908,9,2002.0,431,2010,202900
8400,60.0,4,4,1950,721,841,841,4,1950.0,294,2009,82000
8849,63.0,9,5,2005,1684,1684,1684,6,2005.0,564,2008,266000
2592,36.0,5,3,1976,536,536,1112,4,1976.0,336,2010,85000
6435,65.0,6,5,1939,972,972,1577,6,1939.0,312,2006,140200
2448,36.0,7,5,2003,764,764,1626,6,2003.0,474,2008,154000
20431,56.0,9,5,2005,1848,1848,2728,10,2006.0,706,2006,437154
7820,68.0,9,5,2007,1869,1869,1869,6,2007.0,617,2007,318061
9084,60.0,5,6,1941,616,616,1111,5,1941.0,200,2008,95000
8520,60.0,6,8,1928,624,720,720,5,2005.0,484,2010,105900
8400,60.0,6,5,1940,940,1192,1595,6,1940.0,240,2006,140000
11249,105.0,6,5,1995,1200,1200,1200,6,1995.0,521,2007,177500
4224,44.0,5,5,1976,1142,1142,1142,6,1976.0,528,2007,134000
6930,92.0,5,4,1958,1062,1352,1352,6,1958.0,288,2006,130000
12011,78.0,8,5,1998,1086,1086,1924,7,1998.0,592,2006,280000
7301,64.0,7,5,2003,0,495,1922,7,2003.0,672,2009,198500
1680,21.0,6,8,1972,483,483,987,5,1972.0,264,2009,118000
10690,59.0,5,7,1920,672,672,1344,6,1964.0,468,2009,147000
9150,101.0,6,5,1962,1099,1431,1431,6,1962.0,296,2008,165000
7800,78.0,5,6,1954,1268,1268,1268,7,1954.0,244,2010,132000
17120,80.0,4,4,1959,0,1120,1588,7,1991.0,680,2008,134432
7175,50.0,6,5,1984,744,752,752,4,1984.0,264,2010,125000
10634,79.0,5,6,1953,608,1319,1319,5,1953.0,270,2009,123000
8200,65.0,7,5,2003,847,847,1928,8,2003.0,434,2007,219500
8846,57.0,5,5,1996,870,914,914,5,1998.0,576,2006,148000
11143,102.0,8,5,2004,1580,1580,2466,8,2004.0,610,2007,340000
11394,88.0,9,2,2010,1856,1856,1856,8,2010.0,834,2010,394432
8123,60.0,6,5,2000,982,1007,1800,7,2000.0,463,2009,179000
5000,50.0,5,6,1924,1026,1026,1691,6,1924.0,308,2010,127000
7200,60.0,7,5,2006,1293,1301,1301,5,2006.0,572,2006,187750
9245,79.0,7,5,2006,939,939,1797,8,2006.0,639,2007,213500
9000,60.0,6,3,1928,784,784,784,5,1950.0,360,2009,76000
3182,43.0,8,5,2004,1256,1269,1269,6,2004.0,430,2010,192000
7200,72.0,6,6,1976,1041,1125,1125,6,1977.0,352,2009,125000
9382,93.0,7,5,1999,1468,1479,1479,6,1999.0,577,2008,191000
12474,96.0,10,5,2007,1682,1742,2332,9,2008.0,846,2008,426000
8405,50.0,5,8,1900,861,961,1367,7,1978.0,384,2008,119000
12209,71.0,6,5,2001,804,804,1961,7,2001.0,560,2009,215000
10134,60.0,5,6,1940,735,735,1034,5,1940.0,240,2007,109000
9571,68.0,5,6,1956,1144,1144,1144,6,1956.0,596,2010,129000
7200,60.0,5,5,1972,894,894,894,6,1985.0,600,2009,123000
7590,69.0,5,5,1962,864,876,1812,8,1962.0,264,2007,169500
8967,60.0,5,2,1920,961,1077,1077,6,1920.0,338,2007,67000
8125,65.0,7,5,2006,1092,1112,1550,7,2007.0,438,2009,241000
14963,38.0,8,5,1996,1260,1288,1288,4,1996.0,500,2008,245500
8767,65.0,7,5,2005,1310,1310,1310,6,2005.0,400,2006,164990
10200,60.0,5,8,1940,672,672,672,4,1940.0,240,2008,108000
12090,93.0,8,5,1998,1141,1165,2263,10,1998.0,420,2006,258000
10480,51.0,6,5,1936,1064,1166,1639,6,1936.0,240,2008,115000
15576,63.0,6,7,1915,840,840,1680,8,1960.0,308,2008,177000
14154,109.0,7,5,2006,1063,1071,2172,9,2006.0,947,2007,280000
10800,85.0,8,5,2007,1034,1050,2078,8,2008.0,836,2008,339750
9571,68.0,5,3,1958,1276,1276,1276,5,1958.0,350,2009,60000
34650,100.0,5,5,1955,1056,1056,1056,5,1955.0,572,2006,145000
8960,56.0,5,6,1927,1008,1028,1028,5,1927.0,360,2010,115000
11228,59.0,7,5,1993,1080,1080,2097,9,1993.0,678,2008,228000
8899,73.0,7,5,2007,1340,1340,1340,6,2007.0,396,2007,181134
7844,74.0,6,7,1978,672,672,1400,6,1978.0,440,2006,149500
22420,86.0,6,6,1918,1370,1370,2624,10,1918.0,864,2007,239000
8160,60.0,5,6,1940,756,756,1134,7,1940.0,240,2007,126000
8450,65.0,5,6,1968,1056,1056,1056,6,1968.0,304,2010,142000
7060,78.0,7,5,1997,1344,1344,1344,8,1997.0,784,2008,206300
21750,100.0,5,5,1954,988,988,988,4,1954.0,520,2008,113000
9200,80.0,8,5,1998,1470,1470,2630,8,1998.0,696,2008,315000
9000,72.0,6,5,1956,1196,1196,1196,6,1956.0,297,2008,139000
3378,60.0,7,8,1946,651,707,1389,6,1947.0,240,2009,135000
8593,77.0,4,6,1957,907,907,907,5,1964.0,352,2008,109008
6762,64.0,7,5,2007,1208,1208,1208,6,2007.0,628,2007,195400
11457,130.0,6,5,1988,1392,1412,1412,6,1988.0,576,2009,175000
1680,21.0,6,5,1971,483,483,987,4,1971.0,264,2008,85400
1920,24.0,5,5,1971,765,765,1365,6,1971.0,440,2007,122500
10839,100.0,6,5,1997,926,926,1604,7,1997.0,470,2008,181000
10667,43.0,7,6,1996,799,827,1661,6,1996.0,550,2009,212000
4400,40.0,6,8,1920,648,734,1118,6,1990.0,440,2006,116000
6000,50.0,6,7,1926,884,904,904,4,1926.0,180,2009,119000
4280,40.0,5,6,1913,440,694,694,4,1990.0,352,2007,90350
12354,67.0,6,8,1920,684,684,1196,7,2005.0,528,2009,110000
15431,105.0,10,5,2008,3094,2402,2402,10,2008.0,672,2009,555000
6240,52.0,5,7,1930,1078,1128,1573,8,1930.0,360,2008,162900
3922,53.0,7,5,2006,1258,1258,1258,6,2007.0,648,2007,172500
8750,70.0,7,5,1994,915,933,1908,8,1994.0,493,2008,210000
9855,73.0,6,5,1956,1436,1689,1689,7,1956.0,480,2009,127500
16492,137.0,6,6,1966,1517,1888,1888,6,1966.0,578,2010,190000
8600,50.0,6,6,1937,780,780,1376,7,1937.0,198,2006,119500
6000,50.0,3,7,1948,649,679,1183,6,1981.0,308,2007,120000
5684,70.0,6,8,1930,813,813,813,5,1932.0,270,2006,110000
70761,62.0,7,5,1975,1533,1533,1533,5,1975.0,576,2006,280000
9000,75.0,8,5,2008,768,786,1590,6,2008.0,676,2009,210000
9297,63.0,5,5,1976,1728,1728,1728,8,1976.0,560,2006,188000
9600,80.0,7,6,1973,1242,1242,1242,6,1973.0,528,2007,175500
4571,34.0,5,5,1916,624,624,1344,7,1916.0,513,2008,98000
8004,75.0,8,5,2009,832,832,1935,8,2009.0,552,2009,263435
7200,60.0,7,9,1936,560,575,1135,6,1971.0,576,2009,155000
8281,60.0,5,5,1965,864,864,864,5,1965.0,360,2009,62383
11988,74.0,6,7,1934,715,849,1660,6,1939.0,240,2008,188700
10628,85.0,7,5,1970,1277,1277,1277,5,1970.0,526,2007,167000
9480,79.0,5,7,1942,728,888,1644,7,1942.0,312,2007,146500
11428,98.0,8,5,2006,1626,1634,1634,7,2006.0,866,2007,250000
9291,76.0,6,5,1993,832,832,1710,7,1993.0,506,2008,187000
11952,92.0,7,6,1977,808,1161,1969,8,1977.0,534,2007,190000
3675,35.0,6,5,2005,547,1072,1072,5,2005.0,525,2008,148000
14977,110.0,8,5,2006,1976,1976,1976,7,2006.0,908,2007,440000
5330,41.0,8,5,2000,1494,1652,1652,6,2000.0,499,2007,251000
8480,80.0,5,6,1963,970,970,970,5,1996.0,624,2007,132500
13125,75.0,6,5,1997,1478,1493,1493,7,1997.0,508,2008,208900
13693,105.0,9,5,2006,2153,2069,2643,9,2006.0,694,2007,380000
10637,79.0,8,5,2007,1705,1718,1718,7,2007.0,826,2009,297000
5925,50.0,4,7,1937,907,1131,1131,7,1995.0,672,2007,89471
16033,98.0,9,5,2004,1833,1850,1850,8,2004.0,772,2006,326000
11846,72.0,9,5,2003,1792,1792,1792,6,2003.0,874,2006,374000
2500,50.0,7,8,1915,910,916,1826,7,1915.0,164,2009,155000
4500,32.0,6,5,1998,1216,1216,1216,5,1998.0,402,2006,164000
9600,80.0,5,7,1950,1113,1113,1113,5,1950.0,264,2009,147000
10289,79.0,5,7,1965,1073,1073,1073,6,1965.0,515,2007,156000
12243,70.0,5,6,1971,1484,1484,1484,7,1971.0,487,2007,175000
10800,60.0,5,4,1900,954,1766,2414,10,1970.0,520,2006,160000
1526,21.0,4,8,1970,630,630,630,3,1970.0,286,2009,86000
9490,79.0,6,7,1941,806,958,1578,5,1941.0,240,2006,133000
15578,105.0,6,5,2006,728,728,1456,8,2006.0,429,2006,172785
7931,70.0,5,6,1960,1269,1269,1269,6,1964.0,308,2008,155000
5784,50.0,5,8,1938,190,886,886,4,1938.0,273,2009,91300
9120,60.0,7,6,1925,1026,1133,1820,8,1925.0,240,2008,184000
7800,65.0,5,7,1967,864,899,899,5,1967.0,288,2009,130000
7535,70.0,5,7,1958,912,912,912,5,1958.0,297,2007,120000
1890,21.0,6,5,1973,672,672,1218,7,1973.0,264,2007,113000
9803,75.0,7,5,2005,866,866,1768,7,2005.0,603,2008,226700
9170,70.0,5,7,1965,1214,1214,1214,6,1965.0,461,2007,140000
15602,100.0,7,8,1959,1501,1801,1801,6,1959.0,484,2010,289000
2308,24.0,6,5,1974,855,855,1322,6,1974.0,440,2009,147000
7596,60.0,5,5,1952,960,960,1960,10,1952.0,400,2009,124500
9554,80.0,8,5,1993,777,1065,1911,8,1993.0,471,2006,215000
7862,75.0,6,5,2009,1218,1218,1218,4,2009.0,676,2009,208300
9600,60.0,7,9,1928,689,689,1378,7,1928.0,360,2008,161000
9600,80.0,5,6,1959,1041,1041,1041,6,1959.0,270,2009,124500
14559,75.0,5,7,1951,1008,1363,1363,6,1951.0,288,2009,164900
6792,40.0,7,5,2005,1368,1368,1368,6,2005.0,474,2006,202665
9100,70.0,5,5,1958,864,864,864,5,1964.0,624,2006,129900
9187,71.0,6,5,1983,1084,1080,1080,5,1983.0,484,2007,134000
10594,55.0,5,5,1926,768,789,789,5,1926.0,200,2007,96500
12220,94.0,10,5,2009,2006,2020,2020,9,2009.0,900,2009,402861
10208,79.0,7,5,1996,1264,1277,2344,7,1996.0,889,2009,265000
10918,53.0,7,9,1926,1276,1276,2080,9,1926.0,282,2009,234000
11988,90.0,6,6,1957,1244,1244,1244,6,1957.0,336,2007,150000
5000,50.0,6,7,1947,1004,1004,1664,7,1950.0,420,2006,159000
40094,130.0,10,5,2007,3138,3138,4676,11,2007.0,884,2007,184750
11787,95.0,7,5,1996,1379,1383,2398,8,1996.0,834,2007,315750
7500,62.0,7,5,2005,1257,1266,1266,6,2005.0,453,2006,176000
13300,70.0,5,7,1956,928,928,928,4,1956.0,252,2007,132000
14948,67.0,9,5,2008,1452,1476,2713,11,2008.0,858,2008,446261
10200,85.0,6,5,1988,1461,1509,1509,5,1988.0,600,2008,175000
6155,60.0,6,8,1920,611,751,1362,6,1920.0,502,2008,128000
7200,60.0,5,7,1955,0,827,827,5,1967.0,392,2010,107500
9056,74.0,8,5,2004,707,707,1414,6,2004.0,403,2006,178000
8924,57.0,7,5,1998,880,880,1724,8,1998.0,527,2008,188000
14601,85.0,9,5,2006,1838,1838,1838,8,2006.0,765,2009,315000
10140,78.0,7,5,1998,1650,1680,1680,7,1998.0,583,2009,213250
4058,34.0,7,5,1998,723,767,767,4,1998.0,367,2007,133000
17104,58.0,7,5,2006,654,664,1496,7,2006.0,426,2006,179665
8737,70.0,6,7,1923,1065,915,1635,6,1950.0,440,2007,210000
7244,54.0,5,7,1970,768,768,768,5,1987.0,624,2007,129500
8235,49.0,5,7,1955,825,825,825,4,1963.0,720,2008,125000
9375,75.0,7,5,2003,912,912,2094,8,2003.0,615,2009,263000
4043,53.0,6,6,1977,1069,1069,1069,4,1977.0,440,2008,140000
6000,50.0,5,6,1957,928,928,928,5,1957.0,288,2008,112500
11146,87.0,8,5,2006,1709,1717,1717,7,2006.0,908,2009,255500
8777,67.0,4,5,1949,0,1126,1126,5,2002.0,520,2009,108000
10625,85.0,7,5,2003,998,1006,2046,8,2003.0,871,2008,284000
6380,58.0,5,6,1922,993,1048,1048,5,1922.0,280,2006,113000
14850,69.0,5,5,1957,1092,1092,1092,6,1957.0,299,2006,141000
11040,60.0,4,6,1920,637,897,1336,7,1994.0,570,2006,108000
21872,57.0,7,5,1996,729,729,1446,6,1996.0,406,2008,175000
10010,77.0,5,5,1974,1389,1389,1389,6,1975.0,418,2006,170000
21780,66.0,6,7,1918,1163,1163,1674,8,1955.0,396,2008,185000
6858,66.0,6,4,1915,806,841,1647,6,1920.0,216,2010,128000
11198,77.0,9,5,2005,1122,1134,2504,11,2005.0,656,2008,325000
10171,70.0,7,5,2004,1517,1535,1535,7,2004.0,532,2010,214000
12327,79.0,8,8,1983,1496,1496,2132,5,1983.0,612,2009,316600
13101,74.0,5,5,1965,1728,1728,1728,10,1987.0,576,2008,142600
7332,60.0,6,6,1959,864,864,864,4,1959.0,288,2006,120000
13159,83.0,7,5,2009,846,846,1692,6,2009.0,650,2009,224500
9967,76.0,7,5,2000,384,774,1430,8,2000.0,400,2007,170000
10500,70.0,5,7,1971,372,576,1109,5,1971.0,288,2007,139000
8480,80.0,5,5,1947,832,832,1216,6,1947.0,336,2008,118500
6292,52.0,7,7,1928,861,877,1477,6,1928.0,216,2009,145000
11777,96.0,5,6,1966,1164,1320,1320,6,1966.0,564,2006,164500
3604,34.0,7,5,2007,689,703,1392,5,2007.0,540,2008,146000
12150,81.0,5,5,1954,1050,1050,1795,7,1954.0,352,2008,131500
12704,98.0,8,5,2008,2042,2042,2042,8,2009.0,1390,2009,253293
13500,75.0,10,9,1893,1237,1521,2775,9,1988.0,880,2008,325000
6120,51.0,4,7,1935,884,989,1573,6,1935.0,240,2009,133000
11443,88.0,8,5,2005,1868,2028,2028,7,2005.0,880,2006,369900
10267,55.0,6,7,1918,816,838,838,5,1961.0,275,2008,130000
8740,74.0,5,6,1982,840,860,860,4,1996.0,528,2009,137000
25095,65.0,5,8,1968,1437,1473,1473,5,1968.0,452,2009,143000
9100,50.0,5,6,1930,742,779,935,4,1988.0,308,2008,79500
8320,64.0,7,5,2004,770,770,1582,6,2004.0,520,2008,185900
13478,97.0,10,5,2008,1722,1728,2296,10,2008.0,842,2009,451950
6600,60.0,5,8,1982,816,816,816,4,1985.0,816,2008,138000
7990,88.0,5,6,1975,924,924,924,5,1981.0,280,2008,110000
11302,69.0,8,5,2005,1814,1826,1826,7,2005.0,758,2006,319000
3600,60.0,6,7,1910,684,684,1368,7,1930.0,216,2006,114504
3922,53.0,7,5,2006,1258,1402,1402,7,2006.0,648,2007,194201
12984,80.0,5,6,1977,1430,1647,1647,7,1977.0,621,2006,217500
1950,24.0,6,6,1980,716,716,1556,6,1980.0,452,2008,151000
10927,74.0,8,5,2005,1058,1058,1904,8,2003.0,736,2006,275000
9000,50.0,6,6,1937,780,780,1375,6,1979.0,544,2007,141000
10041,80.0,8,5,1992,908,927,1915,8,1992.0,506,2006,220000
3182,30.0,7,5,2004,600,600,1200,4,2004.0,480,2010,151000
12803,88.0,7,5,2002,1494,1494,1494,6,2002.0,530,2008,221000
13600,85.0,7,6,1965,768,1186,1986,7,1965.0,486,2009,205000
12464,82.0,5,5,1996,1040,1040,1040,6,2000.0,576,2009,152000
7800,78.0,5,8,1948,896,1112,2008,8,1948.0,230,2006,225000
12168,78.0,8,6,1934,965,1940,3194,10,1934.0,380,2007,359100
7943,61.0,4,5,1961,1029,1029,1029,5,1961.0,261,2007,118500
8800,80.0,6,7,1963,936,1054,1054,6,1963.0,480,2010,137500
7227,59.0,6,6,1954,832,832,832,4,1962.0,528,2008,105500
11694,90.0,9,5,2007,1822,1828,1828,9,2007.0,774,2007,314813
12244,85.0,8,5,2003,1482,1482,2262,10,2003.0,749,2008,305000
10800,90.0,6,7,1974,1522,1548,2614,9,1974.0,624,2008,240000
7064,71.0,5,6,1977,980,980,980,6,1986.0,484,2009,135000
10400,80.0,6,5,1972,732,1012,1790,8,1972.0,484,2006,165150
10000,87.0,6,6,1962,1116,1116,1116,5,1962.0,440,2010,160000
9600,80.0,6,6,1955,1156,1520,1520,7,1955.0,364,2010,153000
11606,70.0,5,5,1969,1040,1040,2080,9,1969.0,504,2007,135000
9020,82.0,6,5,1964,1248,1350,1350,6,1964.0,520,2008,168500
9000,50.0,5,6,1880,636,1089,1750,8,1937.0,240,2006,124000
4590,34.0,8,5,2006,1554,1554,1554,6,2006.0,627,2007,209500
11900,85.0,7,5,1977,1386,1411,1411,6,1977.0,544,2009,82500
9250,80.0,5,7,1954,1056,1056,1056,6,1954.0,260,2007,139400
6979,64.0,6,5,1980,1056,1056,1056,4,1980.0,576,2010,144000
6000,50.0,5,4,1954,811,811,1387,7,1954.0,256,2009,93000
3982,53.0,8,5,2006,1520,1567,1567,7,2006.0,648,2006,264561
12677,62.0,8,5,2003,1518,1518,1518,6,2003.0,588,2008,274000
13860,75.0,8,7,1972,1952,2000,2704,9,1972.0,538,2009,345000
10793,80.0,5,5,1969,780,780,1620,7,1969.0,462,2007,152000
9187,85.0,9,5,2009,1766,1766,1766,7,2009.0,478,2009,370878
7200,60.0,5,5,1950,0,1048,1048,7,1950.0,420,2008,98300
10452,85.0,6,5,1953,1094,1094,1094,5,1953.0,495,2008,155000
7700,70.0,6,5,1966,756,1051,1839,7,1966.0,442,2010,155000
8125,65.0,7,6,2007,813,822,1665,7,2007.0,562,2008,205950
9084,60.0,4,5,1940,755,755,1510,7,1940.0,296,2009,108000
8750,70.0,7,5,1996,880,909,1716,7,1996.0,512,2009,191000
10320,60.0,6,7,1906,756,756,1469,7,1906.0,216,2008,135000
10437,91.0,8,6,1995,2109,2113,2113,7,1995.0,839,2008,350000
1680,21.0,6,5,1971,525,525,1092,6,1971.0,264,2010,88000
10007,72.0,5,7,1959,1053,1053,1053,5,1959.0,312,2008,145500
7200,60.0,7,6,1931,776,851,1502,6,1931.0,270,2008,149000
17503,78.0,6,5,1948,912,912,1458,6,1948.0,330,2010,97500
9937,75.0,5,7,1964,1486,1486,1486,7,1968.0,480,2009,167000
46589,52.0,8,7,1994,1629,1686,2448,8,1994.0,711,2009,402000
13560,120.0,6,3,1968,1392,1392,1392,5,1968.0,576,2009,110000
10012,90.0,4,5,1972,1138,1181,1181,6,1974.0,588,2008,137500
20896,49.0,8,5,2005,2077,2097,2097,8,2005.0,1134,2006,423000
11194,106.0,8,5,2000,1406,1454,1936,7,2000.0,504,2006,230500
8125,65.0,6,5,1994,1408,1679,1679,7,1994.0,575,2008,193500
11600,80.0,4,5,1922,700,1180,1180,5,1922.0,252,2006,137500
8633,64.0,6,5,2005,738,738,1476,7,2005.0,540,2009,173500
6629,54.0,6,6,1925,672,697,1369,6,1930.0,300,2009,103600
14442,110.0,6,7,1957,1477,1839,1839,7,1957.0,416,2007,257500
9200,80.0,6,6,1965,1136,1136,1136,5,1965.0,384,2008,140000
2289,24.0,6,6,1978,855,855,1441,7,1978.0,440,2009,148500
9600,60.0,4,2,1900,1095,1095,1774,8,1920.0,779,2006,87000
9022,52.0,5,8,1924,768,792,792,5,1924.0,240,2009,109500
11844,80.0,8,5,2008,2046,2046,2046,7,2008.0,834,2009,372500
8012,50.0,6,5,1980,923,923,923,5,1980.0,264,2010,143000
4500,55.0,5,5,1932,793,848,1520,6,1968.0,281,2009,159434
11248,90.0,9,5,2002,1626,1668,1668,7,2002.0,702,2007,285000
16770,58.0,7,5,1998,1195,1195,1839,7,1998.0,486,2010,221000
10207,84.0,7,6,2007,874,874,1761,7,2007.0,578,2007,227875
8089,60.0,8,6,2007,1419,1419,1419,7,2007.0,567,2007,392000
7577,61.0,6,5,2005,1362,1362,1362,6,2005.0,460,2007,194700
21535,104.0,10,6,1994,2444,2444,4316,10,1994.0,832,2007,755000
26178,42.0,7,5,1989,1210,1238,2519,9,1989.0,628,2006,335000
5400,60.0,5,6,1921,1073,1073,1073,4,1968.0,326,2006,108480
6120,51.0,5,6,1936,927,1067,1539,5,1995.0,576,2009,141500
13811,54.0,6,6,1987,1112,1137,1137,5,1987.0,551,2006,176000
6000,50.0,5,7,1921,616,616,616,4,1921.0,205,2006,89000
6420,57.0,5,7,1952,980,1148,1148,6,1952.0,308,2006,123500
8450,65.0,5,8,1965,894,894,894,5,1973.0,336,2010,138500
4282,59.0,7,5,2004,1391,1391,1391,5,2004.0,530,2008,196000
14331,85.0,8,5,2002,1800,1800,1800,7,2002.0,765,2006,312500
9600,80.0,7,5,1969,1164,1164,1164,6,1969.0,528,2006,140000
12438,82.0,8,5,2006,1234,1264,2576,10,2006.0,666,2006,361919
7630,76.0,5,9,1900,360,1032,1812,8,1999.0,672,2010,140000
8400,70.0,7,5,2004,1473,1484,1484,7,2004.0,606,2010,213000
6240,48.0,8,5,2006,1324,1324,1324,6,2006.0,550,2009,254000
9018,65.0,7,5,2007,728,728,1456,8,2007.0,400,2007,179540
8712,66.0,4,7,1900,859,859,1178,7,1964.0,384,2010,102776
4671,40.0,8,5,1988,1228,1228,1228,5,1988.0,472,2008,189000
9873,60.0,4,5,1970,960,960,960,6,1970.0,576,2006,129000
10140,78.0,6,5,1974,1064,1350,1350,7,1974.0,478,2009,165000
10800,60.0,7,8,1890,718,1576,2554,8,1996.0,704,2007,159500
10000,80.0,5,6,1973,1176,1178,1178,5,1973.0,439,2008,157000
10542,96.0,7,5,1993,1311,1325,2418,9,1993.0,983,2008,341000
9920,69.0,5,6,1969,971,971,971,5,1969.0,300,2006,128500
8120,70.0,4,7,1970,864,864,864,5,1994.0,463,2009,124500
8172,60.0,4,6,1954,941,997,1470,7,1958.0,548,2008,135000
13286,86.0,9,5,2007,1698,1698,1698,8,2007.0,768,2009,320000
6960,60.0,4,6,1970,864,864,864,5,1989.0,660,2009,120500
7314,64.0,7,5,2007,1232,1232,1232,6,2007.0,632,2009,194500
11475,85.0,5,5,1958,1584,1776,1776,9,1968.0,888,2009,110000
6240,52.0,4,5,1925,780,848,1208,5,1962.0,539,2009,103000
5389,39.0,8,5,1995,1595,1616,1616,5,1995.0,608,2010,236500
9590,73.0,7,5,2003,868,1146,1146,6,2003.0,438,2007,187500
11404,75.0,7,5,1998,1153,1153,2031,8,1998.0,541,2008,222500
10000,80.0,5,6,1961,864,1144,1144,6,1961.0,264,2009,131400
10800,60.0,7,7,1914,880,880,1768,6,1914.0,320,2006,163000
8544,60.0,3,4,1950,0,1040,1040,6,1949.0,400,2006,93500
10463,72.0,8,5,2005,893,901,1801,8,2005.0,800,2006,239900
9313,65.0,7,5,2004,864,864,1728,7,2004.0,572,2009,190000
9600,60.0,5,7,1910,264,768,1432,7,1910.0,360,2007,132000
6768,65.0,6,8,1961,912,912,912,5,1962.0,288,2008,142000
8450,65.0,7,5,2000,1349,1349,1349,6,2000.0,539,2007,179000
12886,70.0,5,6,1963,520,1464,1464,6,1997.0,480,2009,175000
5395,41.0,8,5,1993,1337,1337,1337,5,1993.0,462,2008,180000
11700,65.0,7,7,1880,1240,1320,2640,8,1950.0,864,2009,265979
10593,59.0,7,5,1996,1720,1720,1720,7,1996.0,527,2010,260400
8405,50.0,4,3,1945,0,1088,1529,9,1945.0,240,2009,98000
9236,79.0,6,5,1997,1479,1494,1494,6,1997.0,576,2006,217000
10240,80.0,8,5,2005,1030,1038,2098,8,2005.0,878,2006,275500
7930,61.0,6,8,1969,1026,1026,1026,5,1969.0,440,2009,156000
3230,34.0,6,5,1999,729,742,1471,6,1999.0,440,2009,172500
10769,68.0,8,5,2007,866,866,1768,7,2007.0,578,2009,212000
2280,24.0,7,5,1999,744,757,1501,6,1999.0,440,2008,179400
12257,65.0,8,5,1995,1318,1328,2531,9,1995.0,752,2007,290000
9100,70.0,6,6,1959,864,864,864,5,2008.0,300,2009,127500
6911,60.0,5,5,1924,1145,1301,1301,5,1965.0,440,2009,100000
8640,72.0,7,5,2009,756,764,1547,7,2009.0,614,2010,215200
9430,82.0,8,5,1999,1252,1268,2365,8,1999.0,856,2009,337000
9549,30.0,8,5,1995,1494,1494,1494,6,1995.0,481,2006,270000
14587,75.0,9,5,2008,1498,1506,1506,6,2008.0,592,2008,264132
10421,80.0,7,5,1988,980,980,1714,7,1988.0,496,2010,196500
12508,75.0,6,7,1940,983,983,1750,7,1989.0,423,2008,160000
9100,70.0,7,5,2004,1860,1836,1836,8,2004.0,484,2006,216837
53504,47.0,8,5,2003,1650,1690,3279,12,2003.0,841,2010,538000
8877,67.0,4,5,1951,836,1220,1220,6,1951.0,396,2006,102000
7819,94.0,6,5,1976,1029,1117,1117,6,1976.0,672,2010,107000
10150,70.0,5,5,1958,912,912,912,5,1958.0,275,2007,114500
14226,110.0,8,5,2006,1935,1973,1973,9,2006.0,895,2007,395000
4500,32.0,6,5,1998,1204,1204,1204,5,1998.0,412,2009,162000
11210,86.0,7,5,2005,1614,1614,1614,7,2005.0,865,2006,221500
13350,100.0,5,5,1974,864,894,894,5,1974.0,440,2006,142500
8400,60.0,5,5,1977,0,2020,2020,10,1977.0,630,2007,144000
10530,78.0,6,5,1977,975,1004,1004,4,1977.0,504,2006,135000
7875,63.0,7,5,1995,1237,1253,1253,6,1995.0,402,2007,176000
7153,65.0,6,5,1992,761,810,1603,7,1992.0,484,2006,175900
16285,67.0,7,5,2001,1413,1430,1430,6,2001.0,605,2009,187100
10800,60.0,5,6,1915,686,966,1652,7,1961.0,416,2010,139000
10142,76.0,7,5,2004,956,956,2084,8,2004.0,618,2010,233000
6000,50.0,4,7,1954,901,901,901,4,1954.0,281,2008,107900
3182,43.0,7,5,2005,1145,1145,1145,5,2005.0,397,2009,160200
9920,92.0,7,5,1996,1117,1127,2013,8,1997.0,455,2007,269790
9158,76.0,8,5,2007,1496,1496,1496,7,2007.0,474,2007,225000
8400,70.0,6,6,1980,650,888,1564,7,1980.0,476,2010,171000
8197,71.0,6,5,1977,660,1285,1285,7,1977.0,528,2007,143500
7677,57.0,5,5,1953,773,773,773,4,1953.0,240,2008,110000
13518,104.0,9,5,2008,1926,1966,3140,11,2009.0,820,2009,485000
7200,60.0,5,7,1937,731,981,1768,7,1939.0,240,2007,175000
12798,79.0,6,5,1997,616,616,1688,8,1997.0,603,2008,200000
4800,40.0,4,7,1916,1196,1196,1196,5,1957.0,440,2007,109900
8199,63.0,7,5,2005,728,728,1456,7,2005.0,410,2008,189000
13891,107.0,9,5,2008,1734,1734,2822,12,2009.0,1020,2009,582933
9000,75.0,5,5,1954,936,1128,1128,5,1954.0,286,2006,118000
12274,91.0,7,5,2008,1417,1428,1428,6,2008.0,554,2008,227680
9750,75.0,5,5,1967,980,980,980,6,1967.0,384,2006,135500
21384,144.0,5,6,1923,1324,1072,1576,6,1923.0,528,2009,223500
13400,85.0,5,5,1966,1024,1086,1086,6,1966.0,484,2006,159950
8100,90.0,5,5,1898,849,1075,2138,11,1910.0,360,2009,106000
10140,78.0,6,6,1974,1040,1309,1309,5,1974.0,484,2006,181000
8712,66.0,5,5,1952,540,1044,1044,4,1952.0,504,2010,55993
9750,75.0,6,6,1958,1442,1442,1442,7,1958.0,301,2007,157900
8248,45.0,5,7,1918,686,686,1250,7,1955.0,280,2006,116000
12137,48.0,7,5,1998,1649,1661,1661,6,1998.0,598,2010,224900
8816,80.0,6,7,1971,1010,1052,1052,6,1971.0,440,2010,155000
6371,44.0,7,5,2009,1358,1358,1358,6,2010.0,484,2010,224000
7226,72.0,7,5,2003,798,798,1640,6,2003.0,595,2008,183000
6000,60.0,4,4,1953,936,936,936,4,1974.0,576,2009,93000
9900,60.0,6,7,1940,778,944,1489,7,1940.0,240,2009,139500
11216,81.0,8,5,2006,1489,1489,1489,7,2006.0,776,2006,232600
14803,114.0,10,5,2007,2078,2084,2084,7,2007.0,1220,2008,385000
8529,65.0,7,5,2001,1454,1434,1434,6,2001.0,527,2009,189000
2544,24.0,7,5,2005,600,520,1223,4,2005.0,480,2006,147400
11900,80.0,6,5,1957,1392,1392,1392,6,1957.0,458,2008,166000
3180,30.0,7,5,2005,600,520,1200,4,2005.0,480,2006,151000
9548,44.0,7,6,2003,941,941,1829,7,2003.0,613,2010,237000
10004,100.0,6,6,1964,1516,1516,1516,6,1964.0,472,2009,167000
7875,75.0,5,6,1961,1144,1144,1144,6,1961.0,456,2008,139950
9600,60.0,4,7,1950,1067,1067,1067,4,1996.0,436,2010,128000
8100,90.0,5,6,1948,1559,1559,1559,5,1948.0,812,2007,153500
1680,21.0,6,5,1973,483,483,987,5,1973.0,264,2008,100000
9525,75.0,5,6,1995,1099,1099,1099,6,1999.0,352,2008,144000
11767,70.0,5,6,1946,768,768,1200,6,1946.0,240,2008,130500
10440,60.0,5,8,1904,650,958,1539,8,1983.0,686,2008,157500
9020,82.0,6,7,1966,1127,1165,1165,6,1966.0,490,2008,174900
12665,100.0,5,8,1915,876,876,1416,7,1949.0,720,2008,153900
9317,75.0,7,5,1993,740,1006,1775,7,1993.0,425,2009,213000
15523,36.0,5,6,1972,864,864,864,5,1972.0,338,2009,133500
45600,75.0,6,8,1908,907,1307,2358,10,1908.0,360,2008,240000
9600,80.0,6,7,1976,528,1094,1855,7,1976.0,512,2007,187000
4435,36.0,6,5,2003,848,848,848,3,2003.0,420,2007,131500
7128,53.0,7,5,1941,918,918,1646,7,1941.0,240,2007,164000
17920,102.0,5,4,1955,1763,1779,1779,6,1955.0,454,2006,170000
8125,65.0,6,5,1994,702,702,1481,6,1994.0,343,2009,174000
10400,80.0,7,5,1976,1090,1370,1370,6,1976.0,479,2009,152000
7642,55.0,7,8,1918,912,912,1426,7,1925.0,216,2007,189950
11625,75.0,5,4,1965,1039,1039,1039,6,1965.0,504,2010,131500
9672,81.0,6,5,1984,1040,1097,1097,6,1986.0,480,2010,152000
7931,70.0,5,5,1959,1148,1148,1148,6,1959.0,672,2009,132500
8640,72.0,7,5,2007,1372,1372,1372,6,2008.0,529,2008,250580
10656,67.0,8,5,2006,1638,1646,1646,6,2007.0,870,2007,248900
6970,85.0,4,5,1961,1040,1120,1120,5,1961.0,544,2007,129000
9938,80.0,7,5,1993,1050,1062,1949,8,1993.0,574,2010,236000
6600,60.0,5,5,1962,894,894,894,5,1962.0,308,2009,109500
8750,70.0,6,5,1998,804,804,1682,7,1998.0,523,2010,200500
8892,74.0,5,7,1953,105,910,910,5,1953.0,414,2008,116000
12144,60.0,5,7,1949,832,1036,1268,6,1949.0,288,2009,133000
5720,52.0,5,6,1941,676,676,1131,5,1941.0,200,2009,66500
9000,75.0,8,5,2007,1184,1184,2610,11,2007.0,550,2007,303477
25286,94.0,4,5,1963,1064,1040,1040,5,1963.0,648,2007,132250
8834,74.0,9,5,2004,1462,1462,2224,10,2004.0,738,2009,350000
11782,88.0,5,7,1961,1109,1155,1155,6,1987.0,576,2010,148000
7024,60.0,5,5,2005,1090,1090,1090,5,2005.0,450,2007,157000
13758,44.0,7,5,1990,1156,1187,1717,7,1990.0,400,2007,187500
6204,60.0,4,5,1912,795,954,2230,10,1997.0,440,2006,118500
7150,65.0,5,5,1967,892,892,892,5,1967.0,288,2009,100000
5119,50.0,9,5,1999,1698,1709,1709,5,1999.0,506,2008,328900
8393,70.0,5,5,1959,1626,1712,1712,8,2005.0,588,2006,145000
16466,59.0,5,7,1955,816,872,1393,8,1955.0,300,2008,135500
15865,95.0,8,6,1970,2217,2217,2217,8,1970.0,621,2007,268000
12160,128.0,6,4,1953,1505,1505,1505,6,1953.0,505,2009,149500
8064,60.0,5,7,1949,672,672,924,6,2003.0,576,2007,122900
11184,70.0,6,5,1978,918,918,1683,7,1978.0,440,2009,172500
8414,70.0,6,8,1963,1059,1068,1068,6,1963.0,264,2006,154500
7018,64.0,5,5,1979,0,1535,1535,8,1979.0,400,2009,118858
7056,71.0,6,5,1963,780,983,1796,8,1963.0,483,2008,140000
8765,50.0,4,6,1936,951,951,951,6,1936.0,327,2006,106500
7018,64.0,5,5,1979,0,1120,2240,12,1979.0,528,2009,142953
12919,100.0,9,5,2009,2330,2364,2364,11,2009.0,820,2010,611657
6993,65.0,5,7,1961,912,1236,1236,6,1961.0,288,2006,135000
8712,64.0,5,7,1957,992,1306,1306,5,1968.0,756,2009,153000
7875,63.0,7,5,2003,783,807,1509,8,2003.0,393,2006,180000
14859,50.0,7,5,2006,1670,1670,1670,7,2006.0,690,2006,240000
9920,80.0,5,5,1954,1056,1063,1063,6,1954.0,280,2010,128000
13501,116.0,8,5,2006,1623,1636,1636,8,2006.0,865,2007,255000
11500,86.0,7,7,1936,1017,1020,2057,6,1936.0,180,2006,250000
12589,149.0,6,5,2005,742,742,1484,8,2005.0,390,2009,174000
11600,80.0,5,5,1960,1105,1105,2274,12,1960.0,480,2010,154300
6120,51.0,5,7,1925,768,1015,1015,6,1925.0,450,2006,88000
6270,82.0,5,6,1949,1001,1001,2002,8,1949.0,871,2007,145000
3000,30.0,6,5,2009,612,612,1224,4,2009.0,528,2009,173733
2001,21.0,4,5,1970,546,546,1092,6,1970.0,286,2007,75000
9000,50.0,2,3,1949,480,480,480,4,1958.0,308,2006,35311
13125,103.0,7,5,1991,1104,912,2127,8,1991.0,833,2007,238000
11029,87.0,6,8,1958,1184,1414,1414,6,1990.0,601,2008,176500
8462,70.0,6,5,1994,928,936,1721,7,1994.0,471,2007,201000
10237,65.0,6,5,2005,1316,1316,1316,6,2005.0,397,2006,169990
8012,50.0,6,5,1993,1604,1617,1617,5,1993.0,533,2008,193000
10240,79.0,6,6,1980,1686,1686,1686,7,1980.0,612,2006,207500
11999,93.0,8,5,2003,1181,1234,2374,10,2003.0,656,2007,285000
8925,73.0,8,5,2007,1466,1466,1466,7,2007.0,610,2009,201000
9100,70.0,5,6,1965,925,925,925,5,1965.0,429,2009,117500
11670,84.0,9,5,2006,1905,1905,1905,8,2006.0,788,2007,320000
8487,63.0,7,5,2004,1500,1500,1500,6,2004.0,570,2009,190000
27650,313.0,7,7,1960,585,2069,2069,9,1960.0,505,2008,242000
5825,52.0,4,5,1926,600,747,747,5,1953.0,528,2006,79900
10083,67.0,7,5,2003,1176,1200,1200,5,2003.0,555,2009,184900
9675,75.0,7,5,2005,1113,1113,1971,8,2005.0,689,2009,253000
8760,73.0,7,5,2006,1391,1391,1962,7,2006.0,868,2006,239799
12640,55.0,6,5,1976,1728,1728,1728,8,1976.0,574,2006,150900
25000,100.0,5,4,1967,1632,1632,1632,8,1967.0,576,2007,143000
8820,98.0,5,6,1890,1088,1188,1869,7,1963.0,456,2009,124900
8163,70.0,5,6,1959,1144,1144,1144,6,1959.0,796,2006,143000
14536,85.0,8,5,2002,1616,1629,1629,9,2002.0,808,2007,270000
14006,65.0,7,5,2002,936,936,1776,7,2002.0,474,2006,192500
9360,78.0,6,7,1972,1161,1381,1381,5,1972.0,676,2010,197500
7200,60.0,5,8,1950,864,864,864,5,1980.0,720,2007,129000
7800,60.0,5,5,1965,828,965,965,6,1979.0,300,2006,119900
7200,60.0,5,8,1972,768,768,768,5,1974.0,396,2009,133900
7136,82.0,6,6,1946,979,979,1958,8,1946.0,492,2007,145000
1300,24.0,6,6,1980,561,561,1229,5,1980.0,462,2009,124000
7420,70.0,5,5,1962,1057,1057,1057,6,1977.0,576,2007,132000
8450,65.0,7,5,2003,1337,1337,1337,6,2003.0,531,2007,185000
2572,24.0,7,5,1999,696,696,1416,6,1999.0,484,2010,155000
2308,24.0,6,6,1976,804,804,1548,7,1976.0,440,2007,155000
11923,122.0,9,5,2007,1800,1800,1800,7,2007.0,702,2009,239000
11316,80.0,7,5,2002,817,824,1894,8,2002.0,510,2010,214900
10237,65.0,6,5,2005,783,783,1484,8,2005.0,393,2007,178900
9600,130.0,5,7,1940,728,976,1308,7,1940.0,256,2009,160000
10382,75.0,6,5,1958,588,1095,1095,6,1958.0,264,2006,140000
2268,36.0,7,5,2003,764,764,1626,6,2003.0,474,2009,173000
7892,55.0,6,5,1979,918,918,918,5,1979.0,264,2010,99500
11639,95.0,7,5,2007,1428,1428,1428,6,2007.0,480,2008,182000
11414,60.0,7,8,1910,728,1136,2019,8,1997.0,532,2009,167500
4274,35.0,7,5,2006,1241,1241,1241,4,2007.0,569,2007,199900
9450,68.0,4,5,1954,894,894,894,5,1999.0,400,2007,110000
8816,80.0,5,6,1963,1121,1121,1121,5,1963.0,480,2009,139000
12203,98.0,8,5,1998,1225,1276,2612,8,1998.0,676,2009,336000
3182,43.0,7,5,2007,1266,1266,1266,6,2007.0,388,2008,159895
10125,75.0,5,5,1977,0,1302,1734,8,1977.0,539,2009,126000
10880,68.0,5,5,1950,1164,1164,1164,5,1950.0,240,2008,125000
5310,59.0,6,8,1910,485,1001,1635,5,1950.0,255,2006,117000
10159,83.0,9,5,2009,1930,1940,1940,8,2010.0,606,2010,395192
8125,65.0,7,5,2006,770,778,1576,6,2006.0,614,2006,197000
9452,82.0,8,5,1997,1396,1407,2392,7,1997.0,870,2006,348000
17671,121.0,8,9,1882,916,916,1742,8,1925.0,424,2009,168000
9760,80.0,6,8,1964,822,1020,1851,7,1964.0,440,2007,187000
8846,68.0,6,5,2005,750,750,1500,6,2005.0,564,2006,173900
12456,96.0,10,5,2006,1700,1718,1718,7,2008.0,786,2009,337500
4712,51.0,4,7,1946,747,774,1230,5,1946.0,305,2006,121600
9786,60.0,3,4,1922,1007,1077,1077,6,1922.0,210,2006,91000
6762,64.0,7,5,2006,1187,1208,1208,6,2006.0,632,2010,206000
10206,74.0,3,3,1952,0,944,944,4,1956.0,528,2009,82000
5400,60.0,5,6,1920,691,691,691,4,1920.0,216,2007,86000
11957,75.0,8,5,2006,1574,1574,1574,7,2006.0,824,2008,232000
3182,43.0,7,5,2005,1346,1504,1504,7,2005.0,457,2009,181000
8385,65.0,5,8,1977,985,985,985,6,1977.0,328,2008,149900
2217,21.0,4,4,1970,546,546,1092,6,1970.0,286,2009,88000
12118,43.0,7,5,2004,1710,1710,1710,7,2004.0,550,2009,240000
21286,115.0,5,5,1948,720,720,1271,7,1948.0,312,2008,135000
10592,55.0,6,7,1923,602,900,1502,7,1923.0,180,2007,165000
7200,60.0,5,4,1910,1022,1022,1022,4,1956.0,280,2009,85000
11664,60.0,6,5,1948,1082,1082,1082,5,1948.0,240,2007,119200
8400,70.0,8,6,2001,810,810,1665,6,2001.0,528,2009,227000
11883,73.0,7,5,1996,1504,1504,1504,6,1996.0,478,2009,203000
3013,43.0,7,5,2005,1362,1506,1506,6,2005.0,440,2006,213490
7024,60.0,4,5,2005,1132,1132,1132,5,2005.0,451,2008,176000
7406,64.0,7,5,2006,1199,1220,1220,6,2006.0,632,2006,194000
9439,52.0,5,5,1930,912,912,1248,6,1957.0,160,2007,87000
3182,43.0,7,5,2005,1346,1504,1504,7,2005.0,437,2008,191000
7700,70.0,5,5,1972,882,882,882,5,1980.0,461,2007,112500
9300,73.0,5,5,1960,1268,1264,1264,6,1960.0,461,2010,167500
9520,71.0,8,5,2007,1638,1646,1646,7,2008.0,800,2008,293077
9492,79.0,5,5,1941,768,968,1376,6,1941.0,240,2007,105000
1680,21.0,6,7,1972,672,672,1218,7,1972.0,264,2006,118000
15863,102.0,7,3,1920,824,1687,3082,12,1970.0,672,2009,197000
6305,50.0,5,7,1938,920,954,954,5,1938.0,240,2007,119750
12898,89.0,9,5,2007,1620,1620,1620,6,2008.0,912,2009,315500
1477,21.0,4,4,1970,630,630,630,3,1970.0,286,2009,80000
13125,88.0,5,4,1957,1134,1803,1803,8,1957.0,484,2006,155000
5381,34.0,6,5,2005,1306,1306,1306,5,2005.0,624,2009,196000
11839,86.0,7,5,1990,1475,1532,2329,10,1990.0,514,2008,262280
9600,80.0,8,5,1981,2524,2524,2524,9,1981.0,542,2009,278000
16056,85.0,9,5,2005,1992,1992,2868,11,2005.0,716,2006,556581
9245,57.0,5,5,1994,990,990,990,5,1996.0,672,2008,145000
21750,100.0,5,4,1960,0,1771,1771,9,1960.0,336,2009,115000
11100,60.0,4,7,1946,0,930,930,6,1946.0,308,2010,84900
8993,73.0,7,5,2007,1302,1302,1302,6,2007.0,436,2007,176485
11175,103.0,7,5,2007,1316,1316,1316,6,2007.0,440,2007,200141
9500,100.0,6,6,1964,816,1127,1977,9,1964.0,540,2007,165000
8562,68.0,5,6,1957,1216,1526,1526,7,1957.0,364,2010,144500
11367,90.0,8,5,2002,1065,1091,1989,7,2002.0,586,2006,255000
11361,104.0,6,5,1976,1193,1523,1523,7,1976.0,478,2008,180000
7052,43.0,7,5,2005,1364,1364,1364,6,2005.0,484,2006,185850
11308,96.0,9,5,2008,1104,1130,2184,10,2008.0,836,2009,335000
4920,41.0,8,5,2001,1338,1338,1338,6,2001.0,582,2010,213500
18000,120.0,3,4,1935,894,894,894,6,1994.0,1248,2008,81000
13600,85.0,5,5,1900,662,1422,2337,10,1945.0,560,2007,90000
6000,50.0,6,6,1925,1103,1103,1103,5,1976.0,440,2006,110500
14000,80.0,7,5,1996,1306,1306,2260,7,1996.0,533,2010,328000
7837,59.0,6,7,1993,799,799,1571,7,1993.0,380,2009,178000
9760,80.0,6,6,1964,780,798,1611,7,1964.0,442,2008,167900
3964,42.0,6,4,1973,942,1291,2521,10,1973.0,576,2006,151400
9600,60.0,5,7,1949,845,893,893,4,1985.0,576,2007,135000
10152,72.0,5,5,1956,1048,1048,1048,6,1956.0,286,2007,135000
11700,78.0,6,6,1968,727,829,1556,8,1968.0,441,2009,154000
7585,50.0,5,3,1948,810,1002,1456,7,1954.0,280,2006,91500
7950,75.0,6,6,1977,690,698,1426,6,1977.0,440,2009,159500
8556,74.0,7,5,2006,1240,1240,1240,5,2006.0,826,2007,194000
13125,75.0,7,6,1940,800,960,1740,6,1940.0,240,2007,219500
10800,60.0,5,8,1936,796,1096,1466,7,1950.0,566,2006,170000
4435,37.0,6,5,2004,848,848,848,3,2004.0,420,2006,155900
8775,65.0,5,5,1994,990,990,990,5,1996.0,299,2007,126000
11040,80.0,6,7,1971,1258,1258,1258,5,1971.0,528,2008,145000
7500,75.0,5,5,1963,1040,1040,1040,5,1963.0,308,2010,133000
8749,70.0,7,5,2002,1459,1459,1459,6,2002.0,527,2007,192000
8800,80.0,6,6,1964,1251,1251,1251,6,1964.0,461,2006,160000
9069,73.0,6,6,1992,936,996,996,5,1992.0,564,2010,147000
10574,85.0,8,5,2005,1082,1082,1953,9,2005.0,1043,2009,252000
2522,24.0,7,5,2004,970,970,1709,7,2004.0,380,2006,137500
3316,37.0,8,5,2005,1247,1247,1247,4,2005.0,550,2006,197000
8544,60.0,3,4,1950,0,1040,1040,6,1987.0,400,2009,92900
2160,24.0,7,5,1999,600,624,1252,4,1999.0,462,2008,160000
8400,60.0,6,5,1925,1181,1390,1694,7,1925.0,576,2008,136500
9230,71.0,5,8,1965,864,1200,1200,6,1977.0,884,2006,146000
5868,74.0,5,7,1956,936,936,936,4,1956.0,308,2010,129000
9317,78.0,6,5,2006,1314,1314,1314,6,2006.0,440,2007,176432
6000,50.0,4,6,1936,672,757,1324,6,1936.0,240,2009,128000
11880,82.0,7,5,1978,1271,1601,1601,7,1978.0,478,2009,157000
8400,60.0,2,5,1920,290,438,438,3,1930.0,246,2009,60000
9758,61.0,5,5,1971,950,950,950,5,1981.0,280,2007,119500
7000,70.0,5,7,1960,1010,1134,1134,6,1960.0,254,2007,135000
8910,79.0,6,6,1959,655,1194,1194,6,1954.0,539,2006,159500
2016,24.0,5,5,1970,630,630,1302,6,1970.0,440,2007,106000
12256,98.0,8,5,1994,1463,1500,2622,9,1994.0,712,2010,325000
10357,114.0,7,5,1990,910,1442,1442,6,1990.0,719,2007,179900
23257,168.0,7,5,2006,868,887,2021,9,2006.0,422,2006,274725
11362,107.0,8,5,2004,1836,1836,1836,7,2004.0,862,2009,280000
10480,80.0,7,6,1976,803,1098,1964,8,1976.0,483,2008,205000
7100,73.0,5,7,1957,816,816,816,5,1957.0,308,2006,129900
8923,66.0,5,7,1953,1008,1008,1008,6,1953.0,240,2007,134500
5400,90.0,5,7,1954,833,833,833,4,1955.0,326,2006,117000
12085,93.0,8,5,2007,1734,1734,1734,7,2007.0,928,2007,318000
9764,57.0,5,7,1967,894,894,894,5,1967.0,450,2008,130000
13825,85.0,5,6,1958,533,1021,1601,6,1958.0,300,2008,140000
7560,70.0,5,5,1959,1040,1040,1040,6,1959.0,286,2006,133700
8263,59.0,6,5,1920,1012,1012,1012,6,1920.0,308,2007,118400
10084,84.0,7,5,2005,1552,1552,1552,7,2005.0,782,2006,212900
10434,60.0,4,5,1955,1005,1005,1005,5,1977.0,672,2009,115000
3684,53.0,7,5,2007,1373,1555,1555,7,2007.0,660,2009,174000
14572,182.0,7,5,2004,1530,1530,1530,7,2004.0,630,2007,259000
11796,59.0,7,5,2004,847,847,1959,8,2004.0,434,2007,215000
7200,60.0,5,5,1980,936,936,936,4,1980.0,672,2007,140000
7804,65.0,4,3,1928,1122,1328,1981,7,1981.0,576,2009,135000
9900,90.0,6,4,1880,1008,1178,2210,8,1930.0,205,2007,117500
9828,80.0,8,5,1995,1128,1142,2020,8,1995.0,466,2009,239500
8773,57.0,6,5,1997,916,916,1600,7,1997.0,460,2007,169000
6180,60.0,6,5,1926,960,986,986,5,1926.0,180,2007,102000
9600,80.0,6,5,1950,1032,1032,1252,6,1950.0,288,2008,119000
8731,98.0,5,5,1920,915,1167,1167,6,1972.0,495,2007,144000
7350,60.0,5,7,1951,952,952,952,4,1988.0,840,2008,139000
9965,77.0,8,5,2006,1466,1466,2828,11,2006.0,1052,2007,424870
12180,60.0,4,4,1941,672,672,924,5,1941.0,280,2010,80000
6240,52.0,5,6,1928,1042,1042,1576,8,1928.0,225,2006,149000
12000,75.0,7,7,1941,704,860,1564,7,1941.0,234,2009,174500
9000,50.0,7,9,1920,650,832,1482,7,1930.0,324,2009,143000
8280,57.0,6,5,1950,932,932,932,4,1950.0,306,2007,124000
17755,134.0,5,4,1959,1466,1466,1466,6,1959.0,528,2006,149900
14115,90.0,6,7,1956,1073,1811,1811,6,1956.0,470,2006,230000
10768,90.0,5,8,1976,1437,1437,1437,6,1976.0,528,2007,218000
9350,85.0,5,8,1965,1219,1265,1265,6,1965.0,502,2008,179900
5001,34.0,7,5,2007,1314,1314,1314,6,2008.0,626,2009,230000
11932,92.0,8,5,2007,1580,1580,1580,7,2008.0,830,2008,235128
9120,76.0,6,6,1974,901,943,1876,8,1974.0,540,2008,185000
2280,24.0,6,5,1978,855,855,1456,7,1978.0,440,2010,146000
8724,109.0,5,5,1968,894,894,894,5,1968.0,450,2007,129000
12900,60.0,4,4,1969,1198,1258,1258,6,1969.0,400,2008,108959
9541,79.0,7,5,2009,1502,1502,1502,7,2009.0,644,2009,233170
10475,64.0,8,5,2008,1694,1694,1694,7,2008.0,776,2010,245350
10852,58.0,6,5,2000,959,959,1671,7,2000.0,472,2006,173000
13728,120.0,6,7,1935,1127,1236,2108,7,1935.0,540,2008,235000
35760,118.0,10,5,1995,1930,1831,3627,10,1995.0,807,2006,625000
9880,76.0,6,6,1977,1096,1118,1118,6,1977.0,358,2008,171000
9120,76.0,6,6,1958,1261,1261,1261,6,1958.0,433,2008,163000
4017,35.0,7,5,2006,625,625,1250,5,2006.0,625,2008,171900
16560,80.0,6,8,1932,952,1170,2345,9,1932.0,360,2006,239000
10678,85.0,8,5,1992,1683,2129,2872,9,1992.0,541,2007,285000
6951,37.0,5,5,1984,876,923,923,5,1984.0,264,2008,119500
7681,54.0,5,6,1921,731,820,1343,7,1921.0,186,2009,154900
5587,64.0,8,5,2008,1600,1652,1652,5,2008.0,482,2008,392500
15623,160.0,10,5,1996,2396,2411,4476,10,1996.0,813,2007,745000
10800,60.0,5,6,1920,1120,1130,1130,5,1970.0,720,2006,120000
35133,50.0,5,4,1963,1572,1572,1572,5,1963.0,995,2007,186700
9738,60.0,5,7,1924,784,949,1221,7,1965.0,392,2006,104900
10615,107.0,3,5,1900,978,1014,1699,7,1920.0,420,2009,95000
12461,89.0,8,5,1994,1624,1624,1624,5,1994.0,757,2006,262000
8935,68.0,7,5,2002,831,831,1660,7,2002.0,493,2009,195000
7500,60.0,7,5,1999,994,1028,1804,7,1999.0,442,2010,189000
2645,24.0,8,5,1999,776,764,1441,5,1999.0,492,2007,174000
9600,60.0,5,8,1925,702,842,1472,6,1925.0,250,2007,125000
9364,80.0,6,7,1969,663,663,1352,7,1969.0,299,2010,158000
8029,51.0,6,5,2005,728,728,1456,8,2005.0,400,2008,176000
14054,58.0,7,5,2006,879,879,1863,9,2006.0,660,2006,219210
8850,65.0,7,6,1916,815,815,1690,7,1916.0,225,2006,144000
9100,70.0,7,5,2001,1212,1212,1212,6,2001.0,573,2009,178000
11235,75.0,4,5,1963,1051,1382,1382,6,1974.0,459,2006,148000
9353,71.0,4,5,1970,864,864,864,5,1972.0,280,2006,116050
10400,80.0,7,5,1998,866,866,1779,6,1998.0,546,2009,197900
6000,50.0,5,8,1925,884,884,1348,5,1960.0,216,2009,117000
9750,75.0,7,5,2000,1630,1630,1630,6,2000.0,451,2009,213000
10140,78.0,5,6,1975,1056,1074,1074,6,1975.0,495,2006,153500
14684,90.0,7,7,1990,2158,2196,2196,7,1990.0,701,2009,271900
9135,70.0,6,5,2003,1682,1700,1700,7,2003.0,544,2006,200000
7763,70.0,5,7,1962,931,1283,1283,6,1980.0,506,2008,140000
10182,85.0,8,5,2006,1660,1660,1660,8,2006.0,500,2006,290000
11218,70.0,6,5,1992,1055,1055,1845,8,1992.0,462,2010,189000
12134,152.0,8,7,1988,559,1080,1752,8,1988.0,492,2010,164000
9340,50.0,4,6,1941,672,672,672,4,1941.0,234,2009,113000
10205,69.0,5,5,1962,925,999,999,6,1962.0,300,2006,134500
7094,99.0,5,5,1966,894,894,894,5,1966.0,384,2007,125000
8930,68.0,6,5,1978,0,1318,1902,8,1978.0,539,2010,112000
8640,72.0,8,5,2009,1300,1314,1314,6,2009.0,552,2009,229456
7800,66.0,5,5,1964,912,912,912,5,1964.0,288,2006,115000
8250,55.0,5,5,1968,952,1211,1211,5,1968.0,322,2008,134000
10496,78.0,6,6,1949,1040,1168,1846,7,1949.0,315,2007,143000
10680,89.0,5,3,1951,2136,2136,2136,7,1951.0,528,2006,137900
15384,60.0,7,5,2004,788,788,1490,8,2004.0,388,2008,184000
10482,65.0,6,8,1958,588,1138,1138,6,1958.0,264,2007,145000
14598,86.0,6,5,2007,894,894,1933,9,2007.0,668,2008,214000
8872,72.0,5,8,1965,912,912,912,5,1992.0,576,2008,147000
8769,65.0,9,5,2008,1702,1702,1702,7,2008.0,1052,2008,367294
7910,70.0,5,5,1960,1075,1507,1507,7,1960.0,404,2008,127000
7728,70.0,5,6,1962,1106,1190,1190,6,1962.0,540,2006,132500
9842,70.0,4,5,1962,0,1224,1224,6,1962.0,462,2007,101800
13132,96.0,5,5,1914,747,892,1784,9,1914.0,180,2006,138887
2628,36.0,7,5,2003,764,764,1626,6,2003.0,474,2010,175500
12393,41.0,7,5,2004,847,847,1948,8,2004.0,434,2006,195000
13072,63.0,6,5,2005,1141,1141,1141,6,2005.0,484,2006,142500
9037,64.0,8,5,2006,1476,1484,1484,6,2006.0,472,2007,265900
8158,65.0,7,5,2003,884,884,1768,8,2003.0,543,2008,224900
9849,83.0,7,6,2007,1689,1689,1689,7,2007.0,954,2007,248328
10625,85.0,7,6,1974,1053,1173,1173,6,1974.0,528,2010,170000
13891,107.0,10,5,2006,2076,2076,2076,7,2006.0,850,2006,465000
12090,78.0,6,7,1984,585,1140,1868,7,1984.0,477,2007,178000
8125,65.0,7,5,2005,756,756,1553,6,2005.0,615,2006,186500
9600,60.0,6,5,1917,735,1134,2058,8,1950.0,396,2008,129500
7200,60.0,5,7,1950,876,988,988,6,1950.0,276,2007,119000
11160,93.0,7,5,1968,2110,2110,2110,8,1968.0,522,2010,244000
9858,62.0,5,6,1968,864,874,874,5,1968.0,288,2009,130000
6931,60.0,7,5,2003,746,760,1656,7,2003.0,397,2008,165400
6240,52.0,6,6,1931,884,959,1367,6,1978.0,560,2007,127500
14303,91.0,8,5,1994,1986,1987,1987,7,1994.0,691,2008,301500
9587,59.0,7,5,2005,856,1166,1166,5,2005.0,400,2008,190000
9750,65.0,6,8,1969,1054,1054,1054,6,1969.0,460,2008,151000
9600,80.0,5,6,1956,1050,1050,1050,5,1956.0,338,2009,128900
13515,60.0,6,6,1919,764,1060,1824,8,1940.0,520,2007,180500
4060,34.0,6,5,1998,1405,1337,1337,5,1998.0,511,2008,181000
3735,35.0,7,5,1999,691,713,1452,6,1999.0,506,2006,183900
10120,60.0,7,4,1910,925,964,1889,9,1960.0,308,2007,122000
13214,89.0,9,5,2008,2002,2018,2018,10,2009.0,746,2010,378500
11344,78.0,5,5,1958,874,874,1524,7,1958.0,315,2007,144000
11512,124.0,6,7,1959,1019,1357,1357,5,1959.0,312,2008,177000
5362,53.0,5,6,1910,661,661,1250,8,1985.0,552,2007,139000
11345,95.0,5,5,1948,928,928,1920,10,1948.0,400,2007,137000
9473,75.0,8,5,2002,1128,1128,2031,7,2002.0,577,2008,237000
7500,60.0,4,4,1920,698,698,1128,6,1980.0,528,2010,68400
9808,67.0,7,5,2002,1573,1573,1573,6,2002.0,544,2009,227000
8049,50.0,7,5,1990,1309,1339,1339,6,1990.0,484,2006,180000
8800,61.0,5,7,1977,1040,1040,1040,5,1977.0,484,2009,150500
9638,50.0,6,7,1919,804,1699,2447,10,1969.0,336,2010,169000
6000,50.0,6,6,1939,780,825,1412,6,1939.0,280,2009,132500
5664,40.0,8,5,2000,1501,1659,1659,5,2000.0,499,2009,278000
11065,86.0,8,5,2006,1085,1120,1970,8,2006.0,753,2006,281000
1680,21.0,5,7,1972,630,630,1302,6,1972.0,264,2009,119500
6600,60.0,5,4,1892,994,1378,2372,11,1985.0,432,2009,107500
10140,78.0,7,5,1976,832,832,1664,8,1976.0,528,2006,162900
8172,60.0,5,7,1955,864,864,864,5,1957.0,572,2006,115000
8400,70.0,5,5,1968,1052,1052,1052,5,1968.0,288,2006,138500
8700,80.0,5,6,1963,1120,1128,1128,6,1963.0,525,2008,155000
3675,35.0,6,5,2005,547,1072,1072,5,2005.0,525,2006,140000
63887,313.0,10,5,2008,6110,4692,5642,12,2008.0,1418,2008,160000
7500,75.0,5,7,1959,1246,1246,1246,6,1959.0,305,2010,154000
10120,92.0,8,5,1994,1165,1203,2526,8,1994.0,844,2006,290000
8688,73.0,7,5,2005,1616,1616,1616,7,2005.0,834,2006,232000
3363,32.0,7,5,2004,976,976,1708,7,2004.0,380,2006,130000
13173,108.0,9,5,2006,1652,1652,1652,6,2006.0,840,2009,325000
6955,48.0,7,5,2005,1368,1368,1368,6,2005.0,474,2006,202500
8072,60.0,5,5,1994,990,990,990,5,2000.0,480,2009,138000
12000,100.0,5,7,1948,924,1122,1122,6,1948.0,528,2008,147000
17500,100.0,7,8,1959,1902,1902,1902,7,1959.0,567,2010,335000
8814,68.0,7,5,2005,1274,1274,1274,6,2005.0,508,2007,203000
14774,108.0,9,5,1999,1393,1422,2599,10,1999.0,779,2010,333168
8190,60.0,4,6,1954,948,948,948,5,1956.0,280,2007,119000
11075,85.0,6,5,1969,952,1092,2112,9,1969.0,576,2008,206900
10226,61.0,8,5,2008,1622,1630,1630,8,2008.0,860,2009,295493
4230,47.0,7,5,2006,1352,1352,1352,5,2006.0,466,2007,208900
10215,75.0,4,5,1954,864,948,948,5,1954.0,248,2007,111000
8400,70.0,6,3,1957,1478,1478,1478,6,1957.0,442,2009,156500
10186,107.0,7,5,1992,750,1061,1923,8,1992.0,564,2010,190000
9986,75.0,8,5,2006,1795,1795,1795,7,2007.0,895,2007,147000
6600,60.0,5,9,1982,816,816,816,5,1982.0,264,2008,130500
10440,60.0,6,7,1920,1510,1584,2792,8,1920.0,520,2008,256000
9084,63.0,7,5,1998,935,955,1632,8,1998.0,462,2006,176500
10000,85.0,8,5,2006,1588,1588,1588,7,2006.0,825,2007,227000
10780,55.0,5,5,1976,911,954,954,6,1976.0,576,2006,132500
8877,67.0,4,6,1938,816,816,816,3,1958.0,288,2009,100000
7200,60.0,5,6,1938,803,803,1360,6,1951.0,297,2006,125500
2368,24.0,5,6,1970,765,765,1365,7,1970.0,440,2009,125000
9650,80.0,6,5,1977,1350,1334,1334,6,1977.0,630,2009,167900
9246,87.0,5,5,1973,1656,1656,1656,8,1973.0,506,2008,135000
13450,95.0,7,5,2002,916,920,1861,8,2002.0,492,2006,200000
9560,120.0,5,7,1972,864,864,864,5,1972.0,288,2006,128500
8294,70.0,4,5,1971,858,872,872,5,1974.0,480,2007,123000
13695,66.0,6,5,2003,1114,1114,1114,6,2004.0,576,2008,155000
7558,57.0,6,6,1928,896,1172,1913,9,1929.0,342,2009,177000
11103,85.0,7,5,2006,728,728,1456,8,2006.0,440,2007,155835
6000,50.0,4,4,1920,960,960,960,5,1997.0,308,2007,108500
15306,93.0,8,5,2006,1732,1776,1776,7,2006.0,712,2007,283463
11643,91.0,5,5,1969,1248,1338,2634,12,1969.0,968,2009,200000
9247,70.0,6,6,1962,858,858,1716,8,1962.0,490,2008,171000
6000,50.0,6,9,1937,698,786,1176,4,1999.0,624,2009,134900
14720,56.0,8,5,1995,2033,2053,3238,9,1996.0,666,2010,410000
10192,102.0,7,6,1968,570,1222,1920,8,1968.0,487,2006,170000
16737,129.0,9,5,2004,1980,1980,1980,8,2004.0,770,2006,315000
9842,51.0,5,6,1921,612,990,2601,8,1998.0,621,2008,189000
16158,124.0,7,5,2005,1530,1530,1530,7,2005.0,430,2009,260000
8499,73.0,6,5,2006,616,616,1412,6,2007.0,432,2007,156932
3180,30.0,7,5,2005,600,520,1200,4,2005.0,480,2006,144152
9179,68.0,7,5,1999,873,882,1790,7,1999.0,588,2008,193000
2665,41.0,5,6,1977,757,925,1475,6,1977.0,336,2006,127000
10635,48.0,8,5,2003,1657,1668,1668,8,2003.0,502,2010,232000
5400,90.0,4,6,1920,840,840,1374,6,1967.0,338,2009,105000
9600,80.0,6,6,1955,992,1661,1661,8,1955.0,377,2008,165500
9750,75.0,7,6,1998,1108,1108,2097,8,1998.0,583,2006,274300
10625,85.0,7,5,2005,1026,1026,1958,9,2005.0,936,2008,250000
10991,89.0,8,5,2007,1571,1571,1571,7,2007.0,722,2007,239000
6292,52.0,6,5,1930,768,790,790,4,1925.0,160,2008,91000
10998,60.0,5,5,1941,984,984,1604,6,1977.0,660,2009,117000
1953,21.0,6,5,1973,483,483,987,5,1973.0,264,2006,83000
9735,73.0,5,5,2006,384,754,1394,7,2007.0,400,2008,167500
8212,45.0,3,3,1914,864,864,864,5,1938.0,200,2010,58500
7200,60.0,7,7,1920,596,998,1762,8,1989.0,576,2006,157000
9060,60.0,6,5,1939,560,698,1258,6,1939.0,280,2009,105000
5436,40.0,4,8,1922,796,796,1154,7,1922.0,240,2010,125500
16692,80.0,7,5,1978,1392,1392,2784,12,1978.0,564,2006,250000
8520,60.0,6,7,1916,714,1664,2526,10,1916.0,216,2007,136000
14892,42.0,9,5,2006,1746,1746,1746,7,2006.0,758,2009,377500
6000,60.0,6,6,1941,735,869,1218,6,2003.0,440,2007,131000
9100,70.0,7,5,2000,1525,1525,1525,6,2000.0,541,2006,235000
8944,65.0,5,5,1967,1584,1584,1584,8,1967.0,792,2009,124000
7838,68.0,5,5,1967,864,900,900,6,1967.0,288,2006,123000
10800,60.0,6,7,1905,482,1221,1912,7,2003.0,672,2008,163000
4045,53.0,7,5,2006,1356,1500,1500,6,2006.0,648,2006,246578
12665,88.0,8,5,2005,1094,1133,2482,9,2005.0,642,2007,281213
6120,51.0,5,8,1920,939,939,1513,8,1933.0,180,2007,137500
7200,60.0,5,4,1950,1208,1136,1904,7,1950.0,240,2009,138000
6171,51.0,6,6,1925,976,1160,1608,7,1925.0,216,2009,137450
6000,50.0,6,7,1929,862,950,1158,5,1929.0,208,2008,120000
7415,62.0,6,5,2004,839,864,1593,8,2004.0,398,2008,193000
6762,64.0,7,5,2006,1286,1294,1294,6,2006.0,662,2006,193879
15256,49.0,8,5,2007,1485,1464,1464,6,2007.0,754,2007,282922
10410,60.0,3,4,1915,672,694,1214,6,1998.0,936,2006,105000
3842,44.0,8,5,2004,1594,1646,1646,5,2004.0,482,2008,275000
8445,70.0,5,7,1972,768,768,768,5,1988.0,396,2009,133000
7740,60.0,4,7,1910,622,741,1363,6,1966.0,528,2010,125500
20544,46.0,7,6,1986,791,1236,2093,7,1986.0,542,2008,215000
12420,79.0,7,5,2001,944,944,1840,6,2001.0,622,2009,230000
9600,80.0,6,8,1950,856,1112,1668,6,1950.0,271,2009,140000
7200,60.0,4,5,1949,0,1040,1040,6,1956.0,420,2009,90000
10994,88.0,8,5,2005,1844,1844,1844,7,2005.0,620,2009,257000
13053,64.0,6,7,1923,833,1053,1848,8,1922.0,370,2008,207000
3635,51.0,7,5,2007,1386,1569,1569,7,2007.0,660,2009,175900
11340,60.0,4,6,1885,777,1246,2290,11,1971.0,560,2010,122500
9204,71.0,5,5,1963,1144,1144,1144,6,1962.0,336,2008,124000
11700,90.0,6,6,1968,708,708,1416,7,1968.0,776,2006,179900
4043,53.0,6,5,1977,1069,1069,1069,4,1977.0,440,2010,127500
4435,37.0,6,5,2003,848,848,848,3,2003.0,420,2008,136500
10721,80.0,6,6,1959,1252,1252,1252,7,1960.0,528,2008,142000
10944,81.0,7,5,1994,1223,1223,2127,5,1994.0,525,2008,271000
10930,60.0,5,6,1945,913,1048,1558,6,1962.0,288,2008,140000
7200,60.0,5,7,1940,788,804,804,4,1940.0,240,2010,119000
21930,60.0,5,5,2005,732,734,1838,7,2005.0,372,2006,192140
10800,60.0,4,6,1927,656,968,968,5,1928.0,216,2007,64500
10261,93.0,6,5,2000,936,962,1792,8,2000.0,451,2008,186500
17400,80.0,5,5,1977,1126,1126,1126,5,1977.0,484,2006,160000
8400,80.0,6,9,1962,1319,1537,1537,7,1962.0,462,2008,174000
9000,60.0,4,6,1971,864,864,864,5,1974.0,528,2007,120500
12444,96.0,8,5,2008,1932,1932,1932,7,2008.0,774,2008,394617
7407,90.0,6,7,1957,912,1236,1236,6,1957.0,923,2010,149700
11584,80.0,7,6,1979,539,1040,1725,6,1979.0,550,2007,197000
11526,79.0,6,7,1922,588,1423,2555,11,1993.0,672,2008,191000
11003,85.0,10,5,2008,1017,1026,2007,10,2008.0,812,2009,310000
8500,63.0,7,5,2004,1422,1422,1422,7,2004.0,626,2007,179600
8400,70.0,6,5,1966,814,913,913,6,1990.0,240,2007,129000
10000,80.0,8,5,1995,1220,1220,2090,8,1995.0,556,2007,240000
11767,70.0,4,7,1910,560,796,1346,6,1950.0,384,2007,112000
9262,78.0,8,5,2008,1573,1578,1578,7,2008.0,840,2009,287090
3675,35.0,5,5,2005,547,1072,1072,5,2005.0,525,2006,145000
7500,62.0,7,5,2004,1221,1221,1221,6,2004.0,400,2009,185000
7917,62.0,6,5,1999,953,953,1647,7,1999.0,460,2007,175000
13175,85.0,6,6,1978,1542,2073,2073,7,1978.0,500,2010,210000
9042,66.0,7,9,1941,1152,1188,2340,9,1941.0,252,2010,266500
9717,68.0,5,6,1950,1078,1078,1078,5,1950.0,240,2010,142125
9937,75.0,5,6,1965,1256,1256,1256,6,1965.0,276,2008,147500
